Sentence #,Word,Tag
1,-,O
2,*********,O
3,very,O
4,irregular,O
5,"now,",O
6,"intermittent,",O
7,none,O
8,"today,",O
9,worse,O
10,at,O
11,night,O
12,-,O
13,continue,O
14,Cosopt,O
15,"BID,",O
16,Latanoprost,O
17,qhs,O
18,OS,B-ROUTE
19,***:,O
20,-,O
21,Preservative,O
22,free,O
23,artificial,O
24,"tears,",O
25,"****,",O
26,and,O
27,ointments,O
28,-,O
29,Restasis,O
30,BID,O
31,OU,B-ROUTE
32,cost,O
33,prohibitive,O
34,Chief,O
35,Complaint:,O
36,Follow-up,O
37,visit,O
38,HPI:,O
39,3,O
40,months,O
41,+,O
42,VF,O
43,Vision,O
44,stable.,O
45,Good,O
46,drop,O
47,compliance.,O
48,Denies,O
49,eye,O
50,pain.,O
51,Eye,O
52,Meds:,O
53,Dorzolamide/Timolol,O
54,BID,O
55,OS-,B-ROUTE
56,6:30 AM,O
57,Timolol,O
58,qam,O
59,OD,B-ROUTE
60,-,O
61,6:30 AM,O
62,Latanoprost,O
63,qhs,O
64,OS,B-ROUTE
65,-,O
66,7:00 PM,O
67,ATs,O
68,PRN,O
69,OU,B-ROUTE
70,HPI:,O
71,*******,O
72,*******,O
73,is,O
74,a,O
75,62,O
76,y.o.,O
77,female,O
78,who,O
79,presents,O
80,for,O
81,overdue,O
82,glaucoma,O
83,follow,O
84,up.,O
85,She,O
86,was,O
87,diagnosed,O
88,with,O
89,POAG,O
90,in,O
91,*******,O
92,around,O
93,****/****,O
94,and,O
95,was,O
96,on,O
97,Combigan.,O
98,She,O
99,was,O
100,subsequently,O
101,switched,O
102,to,O
103,Timolol,O
104,and,O
105,Brimonidine,O
106,BID,O
107,d/t,O
108,insurance,O
109,reasons.,O
110,Latanoprost,O
111,qhs,O
112,OU,B-ROUTE
113,was,O
114,added,O
115,by,O
116,Dr.,O
117,*****,O
118,at,O
119,her,O
120,initial,O
121,visit,O
122,at,O
123,***,O
124,*******,O
125,in,O
126,***,O
127,****.,O
128,Patient,O
129,had,O
130,ALT,O
131,OS,B-ROUTE
132,with,O
133,Dr.,O
134,*******,O
135,in,O
136,***,O
137,****,O
138,with,O
139,some,O
140,reduction,O
141,in,O
142,***,O
143,and,O
144,latanoprost,O
145,was,O
146,discontinued.,O
147,She,O
148,was,O
149,last,O
150,seen,O
151,*****,O
152,****,O
153,and,O
154,was,O
155,to,O
156,follow,O
157,up,O
158,in,O
159,6,O
160,"months,",O
161,but,O
162,had,O
163,been,O
164,overdue,O
165,and,O
166,then,O
167,was,O
168,unable,O
169,d/t,O
170,*****,O
171,measures.,O
172,"Today,",O
173,she,O
174,reports,O
175,that,O
176,over,O
177,the,O
178,past,O
179,1+,O
180,"year,",O
181,various,O
182,IOP,O
183,lowering,O
184,drops,O
185,turned,O
186,her,O
187,eyes,O
188,"red,",O
189,so,O
190,she,O
191,tried,O
192,the,O
193,drops,O
194,individually,O
195,and,O
196,they,O
197,gave,O
198,her,O
199,the,O
200,same,O
201,"symptoms,",O
202,so,O
203,she,O
204,self,O
205,discontinued,O
206,them.,O
207,She,O
208,reports,O
209,she,O
210,has,O
211,been,O
212,off,O
213,of,O
214,all,O
215,IOP,O
216,lowering,O
217,drops,O
218,for,O
219,about,O
220,1,O
221,year;,O
222,they,O
223,caused,O
224,her,O
225,aching,O
226,and,O
227,burning,O
228,PLAN:,O
229,-,O
230,Start,O
231,latanoprost,O
232,qhs,O
233,OU;,B-ROUTE
234,use,O
235,PFAT,O
236,30,O
237,mins,O
238,prior,O
239,-,O
240,PFAT,O
241,QID,O
242,and,O
243,prn;,O
244,warm,O
245,compresses,O
246,-,O
247,pamphlet,O
248,provided,O
249,-,O
250,Return,O
251,6,O
252,-8,O
253,weeks,O
254,for,O
255,IOP,O
256,"check,",O
257,"HVF,",O
258,***,O
259,RNFL,O
260,(non-dilated,O
261,exam),O
262,-,O
263,Call,O
264,for,O
265,decreased,O
266,"vision,",O
267,increased,O
268,"distortion,",O
269,increased,O
270,"pain,",O
271,new,O
272,floaters,O
273,or,O
274,flashing,O
275,lights.1,O
276,Glaucoma,O
277,Clinic,O
278,Note:,O
279,*/**/****,O
280,HPI:,O
281,****,O
282,*,O
283,********,O
284,is,O
285,a,O
286,82,O
287,y.o.,O
288,male,O
289,10,O
290,months,O
291,+,O
292,DFE,O
293,OU,B-ROUTE
294,Vision,O
295,is,O
296,stable,O
297,OU.,B-ROUTE
298,No,O
299,complaints,O
300,of,O
301,pain/discomfort/flashes/floaters,O
302,Eye,O
303,medications:,O
304,ATs,O
305,prn,O
306,OU,B-ROUTE
307,6,O
308,month,O
309,+,O
310,GVF,O
311,OU,B-ROUTE
312,Impression:,O
313,POAG,O
314,OU,O
315,-,O
316,severe,O
317,stage,O
318,-,O
319,GVF,O
320,shows,O
321,constriction,O
322,OU,B-ROUTE
323,-,O
324,borderline,O
325,****,O
326,(********,O
327,****),O
328,-,O
329,tolerating,O
330,drops,O
331,Wouldn't,O
332,recommend,O
333,surgery,O
334,at,O
335,this,O
336,stage,O
337,...,O
338,could,O
339,try,O
340,another,O
341,drop,O
342,**,O
343,dementia,O
344,but,O
345,high,O
346,***********,O
347,Plan:,O
348,Continue,O
349,Latanoprost,O
350,qhs,O
351,"OU,",B-ROUTE
352,could,O
353,try,O
354,adding,O
355,another,O
356,drop,O
357,Add,O
358,Dorzolamide,O
359,BID,O
360,OU,B-ROUTE
361,-,O
362,wife,O
363,feels,O
364,they,O
365,can,O
366,keep,O
367,up,O
368,Referral,O
369,to,O
370,Low,O
371,Vision,O
372,Specialist,O
373,Keep,O
374,follow,O
375,up,O
376,with,O
377,Dr.,O
378,********,O
379,*****,O
380,***,O
381,*********,O
382,Progress,O
383,Note,O
384,*/**/****,O
385,CC:,O
386,IOP,O
387,Check,O
388,-,O
389,Intraocular,O
390,Pressure,O
391,Check,O
392,Pt,O
393,states,O
394,vision,O
395,has,O
396,decreased,O
397,a,O
398,little,O
399,in,O
400,both,O
401,eyes.,O
402,Pt,O
403,is,O
404,still,O
405,able,O
406,to,O
407,drive,O
408,and,O
409,read,O
410,just,O
411,"fine,",O
412,she,O
413,feels,O
414,she,O
415,needs,O
416,new,O
417,glasses.,O
418,Pt,O
419,is,O
420,taking,O
421,Dorzolamide/Timolol,O
422,twice,O
423,a,O
424,day,O
425,Last,O
426,drop:,O
427,10:00 AM,O
428,Latanoprost,O
429,once,O
430,a,O
431,day,O
432,Last,O
433,****:,O
434,4:00 PM,O
435,Pt,O
436,is,O
437,tolerating,O
438,both,O
439,eye,O
440,"drops,",O
441,no,O
442,pain.,O
443,HPI:,O
444,*****,O
445,******,O
446,is,O
447,a,O
448,69,O
449,y.o.,O
450,female,O
451,IOP,O
452,check,O
453,and,O
454,***-G,O
455,to,O
456,monitor,O
457,glaucoma;,O
458,no,O
459,problems,O
460,with,O
461,her,O
462,drops,O
463,or,O
464,vision.,O
465,Subjective,O
466,Referred,O
467,by,O
468,******,O
469,*,O
470,*****,O
471,*******,O
472,*.,O
473,****,O
474,is,O
475,a,O
476,69,O
477,y.o.,O
478,male,O
479,3,O
480,week,O
481,f/u,O
482,No,O
483,noticeable,O
484,changes,O
485,to,O
486,vision,O
487,since,O
488,last,O
489,visit.,O
490,Patient,O
491,reports,O
492,good,O
493,compliance,O
494,with,O
495,drops.,O
496,No,O
497,eye,O
498,pain,O
499,reported.,O
500,Eye,O
501,meds,O
502,Prednisolone,O
503,**/day,O
504,"OS,",O
505,TID,O
506,OD,B-ROUTE
507,-,O
508,6:00 AM,O
509,Genteal,O
510,AT's/ointment,O
511,3-4x/day,O
512,OU,B-ROUTE
513,HPI:,O
514,********,O
515,*,O
516,******,O
517,"(********),",O
518,82,O
519,y.o.,O
520,year,O
521,old,O
522,male,O
523,from,O
524,********,O
525,:,O
526,Patient,O
527,presents,O
528,with:,O
529,Follow-up,O
530,visit,O
531,H/o,O
532,Glaucoma,O
533,suspect.,O
534,Last,O
535,exam,O
536,pt,O
537,stopped,O
538,******,O
539,with,O
540,no,O
541,issues.,O
542,Pt,O
543,states,O
544,that,O
545,he,O
546,has,O
547,since,O
548,failed,O
549,his,O
550,DMV,O
551,exam,O
552,and,O
553,would,O
554,like,O
555,his,O
556,formed,O
557,filled,O
558,out,O
559,to,O
560,be,O
561,able,O
562,to,O
563,continue,O
564,to,O
565,drive.,O
566,When,O
567,VA,O
568,was,O
569,checked,O
570,today,O
571,in,O
572,clinic,O
573,he,O
574,was,O
575,20/25,O
576,OU,O
577,and,O
578,pt,O
579,is,O
580,confused,O
581,as,O
582,to,O
583,why,O
584,he,O
585,failed.,O
586,One,O
587,eye,O
588,passed,O
589,while,O
590,the,O
591,other,O
592,did,O
593,not,O
594,Plan:,O
595,Okay,O
596,to,O
597,stay,O
598,off,O
599,latanoprost,O
600,qHS,O
601,OU,B-ROUTE
602,Glaucoma,O
603,Diagnosis:,O
604,HPI:,O
605,******,O
606,*********,O
607,is,O
608,a,O
609,57,O
610,y.o.,O
611,male,O
612,6,O
613,months,O
614,with,O
615,HVF,O
616,24-2,O
617,OU,O
618,and,O
619,DFE,O
620,OU,O
621,Denies,O
622,eye,O
623,pain.,O
624,Sometimes,O
625,gets,O
626,drop,O
627,in,O
628,later,O
629,in,O
630,the,O
631,day.,O
632,Eye,O
633,medications:,O
634,Cosopt,O
635,2x/day,O
636,LEFT,B-ROUTE
637,eye,I-ROUTE
638,-,O
639,11:00 PM,O
640,Latanoprost,O
641,nightly,O
642,LEFT,B-ROUTE
643,eye,I-ROUTE
644,-,O
645,11:01 PM,O
646,Chief,O
647,Complaint:,O
648,IOP,O
649,Check,O
650,-,O
651,Intraocular,O
652,Pressure,O
653,Check,O
654,Glaucoma,O
655,Follow-up,O
656,History,O
657,of,O
658,Present,O
659,Illness:,O
660,***,O
661,******,O
662,**********,O
663,is,O
664,a,O
665,87,O
666,y.o.,O
667,male,O
668,Pt,O
669,here,O
670,for,O
671,3,O
672,month,O
673,glaucoma,O
674,follow,O
675,up,O
676,with,O
677,pressure,O
678,check.,O
679,Using,O
680,Cosopt,O
681,BID,O
682,OU.,B-ROUTE
683,Pt,O
684,reports,O
685,no,O
686,vision,O
687,changes.,O
688,65,O
689,y.o.,O
690,female,O
691,orginally,O
692,referred,O
693,by,O
694,Dr.,O
695,*****,O
696,"*************,",O
697,OD,B-ROUTE
698,Here,O
699,today,O
700,unaccompanied,O
701,Here,O
702,for,O
703,4,O
704,month,O
705,follow,O
706,up,O
707,(late),O
708,Impression:,O
709,Stable,O
710,Plan:,O
711,Cont,O
712,as,O
713,is,O
714,Missed,O
715,testing,O
716,because,O
717,mum,O
718,was,O
719,unwell,O
720,Current,O
721,ocular,O
722,meds:,O
723,Timolol,O
724,qam,O
725,OU,B-ROUTE
726,-,O
727,6:15 AM,O
728,Systane,O
729,PRN,O
730,Chief,O
731,Complaint:,O
732,New,O
733,Patient,O
734,Visit,O
735,HPI:,O
736,Dr.*****,O
737,referral,O
738,for,O
739,SLT,O
740,?OS,O
741,Pt,O
742,states,O
743,she,O
744,does,O
745,not,O
746,do,O
747,well,O
748,with,O
749,glc.,O
750,Initially,O
751,started,O
752,using,O
753,Travatan,O
754,Z,O
755,but,O
756,they,O
757,made,O
758,her,O
759,eyes,O
760,look,O
761,like,O
762,"""racoon",O
763,"eyes.""",O
764,Pt,O
765,started,O
766,using,O
767,Timolol,O
768,BID,O
769,OU.,B-ROUTE
770,Over,O
771,a,O
772,year,O
773,she,O
774,has,O
775,struggled,O
776,with,O
777,vertigo,O
778,that,O
779,is,O
780,really,O
781,affecting,O
782,her,O
783,life.,O
784,Assumed,O
785,it,O
786,was,O
787,Timolol,O
788,so,O
789,she,O
790,stopped,O
791,Timolol,O
792,for,O
793,a,O
794,week,O
795,and,O
796,Vertigo,O
797,improved.,O
798,Pt,O
799,is,O
800,now,O
801,on,O
802,timolol,O
803,once,O
804,a,O
805,day,O
806,and,O
807,so,O
808,far,O
809,she,O
810,has,O
811,been,O
812,tolerating,O
813,it,O
814,well.,O
815,Eye,O
816,meds:,O
817,self,O
818,administered,O
819,Timolol,O
820,in,O
821,the,O
822,morning,O
823,BOTH,B-ROUTE
824,eyes,I-ROUTE
825,-,O
826,9:15 AM,O
827,Chief,O
828,Complaint:,O
829,Post,O
830,Op,O
831,HPI,O
832,(Edited,O
833,by,O
834,physician):6,O
835,week,O
836,post,O
837,CPC,O
838,No,O
839,eye,O
840,pain.,O
841,********,O
842,says,O
843,that,O
844,she,O
845,complains,O
846,of,O
847,darkness,O
848,in,O
849,vision.,O
850,Notes,O
851,******,O
852,spots,O
853,in,O
854,"vision,",O
855,no,O
856,floaters.,O
857,Eye,O
858,meds:,O
859,at,O
860,"facility,",O
861,patient,O
862,and,O
863,daughter,O
864,unsure,O
865,about,O
866,drops,O
867,Brimonidine,O
868,Cosopt,O
869,Latanoprost,O
870,*****,O
871,***,O
872,*********,O
873,Progress,O
874,Note,O
875,*/**/****,O
876,CC:,O
877,IOP,O
878,Check,O
879,-,O
880,Intraocular,O
881,Pressure,O
882,Check,O
883,Pt,O
884,here,O
885,for,O
886,iop,O
887,check.,O
888,Doing,O
889,drops,O
890,as,O
891,****,O
892,No,O
893,complaints,O
894,and,O
895,good,O
896,compliance,O
897,HPI:,O
898,****,O
899,***,O
900,*******,O
901,is,O
902,a,O
903,42,O
904,y.o.,O
905,male,O
906,who,O
907,presents,O
908,for,O
909,follow,O
910,up,O
911,of,O
912,juvenile,O
913,open,O
914,angle,O
915,glaucoma.,O
916,Patient,O
917,reports,O
918,he,O
919,is,O
920,using,O
921,his,O
922,drops,O
923,as,O
924,prescribed,O
925,and,O
926,reports,O
927,good,O
928,compliance.,O
929,He,O
930,denies,O
931,any,O
932,changes,O
933,in,O
934,his,O
935,vision.,O
936,Patient,O
937,denies,O
938,"flashes,",O
939,new,O
940,"floaters,",O
941,or,O
942,dark,O
943,*******/shadow.,O
944,He,O
945,denies,O
946,any,O
947,significant,O
948,discomfort,O
949,"OD,",O
950,and,O
951,reports,O
952,that,O
953,when,O
954,he,O
955,does,O
956,get,O
957,discomfort,O
958,in,O
959,his,O
960,NLP,O
961,eye,O
962,he,O
963,uses,O
964,one,O
965,of,O
966,the,O
967,IOP,O
968,lowering,O
969,drops,O
970,and,O
971,that,O
972,usually,O
973,helps.,O
974,PLAN:,O
975,-,O
976,Discussed,O
977,Monocular,O
978,precautions,O
979,-,O
980,Continue,O
981,Cosopt,O
982,BID,O
983,"OS,",B-ROUTE
984,Brimonidine,O
985,BID,O
986,"OS,",B-ROUTE
987,Latanoprost,O
988,qhs,O
989,OS,B-ROUTE
990,-,O
991,RTC,O
992,for,O
993,Technician,O
994,+,O
995,Virtual,O
996,Visit,O
997,(HVF,O
998,24-2,O
999,"**,",O
1000,**-*,O
1001,**,O
1002,for,O
1003,"baseline,",O
1004,***,O
1005,RNFL,O
1006,OS).,O
1007,-,O
1008,If,O
1009,"stable,",O
1010,will,O
1011,have,O
1012,patient,O
1013,return,O
1014,3,O
1015,months,O
1016,after,O
1017,that,O
1018,for,O
1019,"MRx,",O
1020,"IOP,",O
1021,and,O
1022,DFE,O
1023,-,O
1024,Call,O
1025,for,O
1026,decreased,O
1027,"vision,",O
1028,increased,O
1029,"distortion,",O
1030,increased,O
1031,"pain,",O
1032,new,O
1033,floaters,O
1034,or,O
1035,flashing,O
1036,lights.,O
1037,Chief,O
1038,Complaint:,O
1039,No,O
1040,chief,O
1041,complaint,O
1042,on,O
1043,file.,O
1044,HPI:,O
1045,****,O
1046,phaco/IOL+bleb,O
1047,needling+5FU,O
1048,OS,O
1049,(ab,O
1050,interno),O
1051,*/**/**-**/**/**,O
1052,****,O
1053,phaco/IOL,O
1054,OD,O
1055,*/**-**/**,O
1056,Yesterday,O
1057,she,O
1058,felt,O
1059,like,O
1060,she,O
1061,had,O
1062,something,O
1063,but,O
1064,eye,O
1065,feels,O
1066,okay,O
1067,today.,O
1068,Vision,O
1069,is,O
1070,very,O
1071,good.,O
1072,Eye,O
1073,meds:,O
1074,Prednisolone,O
1075,4x/day,O
1076,LEFT,B-ROUTE
1077,eye,I-ROUTE
1078,-,O
1079,8:15 AM,O
1080,Cosopt,O
1081,2x/day,O
1082,RIGHT,B-ROUTE
1083,eye,I-ROUTE
1084,-,O
1085,8:15 AM,O
1086,Latanoprost,O
1087,at,O
1088,bedtime,O
1089,RIGHT,B-ROUTE
1090,eye,I-ROUTE
1091,-,O
1092,Tuesday,O
1093,night,O
1094,Prednisolone,O
1095,4x/day,O
1096,RIGHT,B-ROUTE
1097,eye,I-ROUTE
1098,-,O
1099,8:15 AM,O
1100,Oflox,O
1101,4x/day,O
1102,RIGHT,B-ROUTE
1103,eye,I-ROUTE
1104,-,O
1105,8,O
1106,:15am,O
1107,No,O
1108,occupation,O
1109,listed.,O
1110,Chief,O
1111,Complaint:,O
1112,Follow-up,O
1113,visit,O
1114,HPI:,O
1115,2,O
1116,month,O
1117,follow,O
1118,up,O
1119,Good,O
1120,drop,O
1121,compliance.,O
1122,Vision,O
1123,stable.,O
1124,Denies,O
1125,eye,O
1126,pain.,O
1127,Eye,O
1128,Meds:,O
1129,PF,O
1130,Cosopt,O
1131,BID,O
1132,OU-,B-ROUTE
1133,6:00 AM,O
1134,Brimonidine,O
1135,BID,O
1136,OU-,B-ROUTE
1137,6:20p,O
1138,Latanoprost,O
1139,QHS,O
1140,OU-,B-ROUTE
1141,8:30p,O
1142,No,O
1143,occupation,O
1144,listed.,O
1145,Here,O
1146,today,O
1147,for,O
1148,2,O
1149,month,O
1150,follow,O
1151,up,O
1152,Impression,O
1153,:,O
1154,IOP,O
1155,doing,O
1156,well,O
1157,back,O
1158,on,O
1159,Betoptic,O
1160,qAM,O
1161,OS,B-ROUTE
1162,Continue,O
1163,with,O
1164,applanation,O
1165,-,O
1166,cried,O
1167,with,O
1168,*******,O
1169,but,O
1170,did,O
1171,great,O
1172,with,O
1173,applanation,O
1174,*****,O
1175,on,O
1176,VA,O
1177,by,O
1178,"numbers,",O
1179,but,O
1180,still,O
1181,needed,O
1182,*****,O
1183,figures,O
1184,today,O
1185,Plan:,O
1186,Continue,O
1187,Betoptic,O
1188,qAM,O
1189,OS,B-ROUTE
1190,*****,O
1191,***,O
1192,*********,O
1193,Progress,O
1194,Note,O
1195,**/**/****,O
1196,CC:,O
1197,IOP,O
1198,Check,O
1199,-,O
1200,Intraocular,O
1201,Pressure,O
1202,Check,O
1203,She,O
1204,returns,O
1205,for,O
1206,IOP,O
1207,check,O
1208,to,O
1209,monitor,O
1210,glaucoma.,O
1211,Using:,O
1212,TIMOLOL,O
1213,OU,B-ROUTE
1214,QAM.,O
1215,HPI:,O
1216,*******,O
1217,****,O
1218,**********,O
1219,is,O
1220,a,O
1221,71,O
1222,y.o.,O
1223,female;,O
1224,IOP,O
1225,check,O
1226,to,O
1227,monitor,O
1228,glaucoma.,O
1229,No,O
1230,problems,O
1231,with,O
1232,her,O
1233,drops.,O
1234,She,O
1235,is,O
1236,satisfied,O
1237,with,O
1238,her,O
1239,visual,O
1240,result,O
1241,from,O
1242,her,O
1243,cataract,O
1244,surgery,O
1245,OD.,B-ROUTE
1246,OS,B-ROUTE
1247,has,O
1248,poor,O
1249,visual,O
1250,potential,O
1251,so,O
1252,no,O
1253,need,O
1254,for,O
1255,surgery.,O
1256,60,O
1257,y.o.,O
1258,female,O
1259,originally,O
1260,referred,O
1261,by,O
1262,Dr.********,O
1263,Here,O
1264,today,O
1265,for,O
1266,1,O
1267,month,O
1268,follow,O
1269,up,O
1270,Impression:,O
1271,Low-ish,O
1272,IOP,O
1273,right,O
1274,"eye,",O
1275,but,O
1276,vision,O
1277,good,O
1278,Left,O
1279,stable,O
1280,(bleb,O
1281,at,O
1282,risk),O
1283,Recently,O
1284,saw,O
1285,Dr.,O
1286,*****,O
1287,who,O
1288,noted,O
1289,folds,O
1290,look,O
1291,better,O
1292,Plan:,O
1293,Continue,O
1294,without,O
1295,drops,O
1296,Review:,O
1297,Testing,O
1298,visit,O
1299,in,O
1300,"****,",O
1301,HVF,O
1302,and,O
1303,***,O
1304,bilateral,O
1305,when,O
1306,due,O
1307,Assessment,O
1308,&,O
1309,Plan,O
1310,Note:,O
1311,(Assessment,O
1312,&,O
1313,Plan,O
1314,note,O
1315,Last,O
1316,Updated,O
1317,*/*/****),O
1318,Office,O
1319,Visit,O
1320,Written,O
1321,*/*/****,O
1322,by,O
1323,*******,O
1324,*****,O
1325,"NTG,",O
1326,MODERATE,O
1327,"OD,",O
1328,ADVANCED,O
1329,OS:,O
1330,-,O
1331,IOP,O
1332,"excellent,",O
1333,stable,O
1334,on,O
1335,****,O
1336,and,O
1337,"lat,",O
1338,no,O
1339,dizziness,O
1340,from,O
1341,this,O
1342,-,O
1343,cont.,O
1344,Latanoprost,O
1345,qHS,O
1346,and,O
1347,brimonidine,O
1348,BID,O
1349,OU,B-ROUTE
1350,"ARMD,",O
1351,DRY,O
1352,OU:,O
1353,-,O
1354,sees,O
1355,Dr.,O
1356,*******,O
1357,(****),O
1358,annually,O
1359,with,O
1360,DFE,O
1361,***:,O
1362,-,O
1363,Preservative,O
1364,free,O
1365,artificial,O
1366,"tears,",O
1367,"****,",O
1368,and,O
1369,ointments,O
1370,HPI:,O
1371,3,O
1372,month,O
1373,f/u,O
1374,Vision,O
1375,is,O
1376,unchanged,O
1377,since,O
1378,last,O
1379,visit.,O
1380,Sometimes,O
1381,will,O
1382,notice,O
1383,some,O
1384,eye,O
1385,discomfort,O
1386,but,O
1387,no,O
1388,eye,O
1389,pain.,O
1390,Eye,O
1391,Meds:,O
1392,Brimonidine,O
1393,BID,O
1394,OU-,B-ROUTE
1395,6:45 AM,O
1396,Latanoprost,O
1397,QHS,O
1398,OU,B-ROUTE
1399,-,O
1400,10:30 PM,O
1401,Assessment,O
1402,&,O
1403,Plan,O
1404,Note:,O
1405,(Assessment,O
1406,&,O
1407,Plan,O
1408,note,O
1409,Last,O
1410,Updated,O
1411,*/**/****),O
1412,Office,O
1413,Visit,O
1414,Written,O
1415,*/**/****,O
1416,by,O
1417,*****,O
1418,"****,",O
1419,MD,O
1420,Stopped,O
1421,timolol,O
1422,last,O
1423,visit,O
1424,and,O
1425,added,O
1426,brimonidine,O
1427,BID,O
1428,-,O
1429,IOP,O
1430,good,O
1431,after,O
1432,changing,O
1433,eyedrop.,O
1434,HVF,O
1435,slow,O
1436,progression,O
1437,and,O
1438,end,O
1439,stage,O
1440,-,O
1441,continue,O
1442,latanoprost,O
1443,"OS,",B-ROUTE
1444,alphagan,O
1445,and,O
1446,dorzolamide,O
1447,BID,O
1448,OS,B-ROUTE
1449,-,O
1450,Unable,O
1451,to,O
1452,follow,O
1453,future,O
1454,testing.,O
1455,Just,O
1456,IOP,O
1457,following,O
1458,Chief,O
1459,Complaint:,O
1460,Follow-up,O
1461,visit,O
1462,HPI:,O
1463,No,O
1464,eye,O
1465,pain.,O
1466,Vision,O
1467,seems,O
1468,about,O
1469,the,O
1470,same.,O
1471,*******,O
1472,instills,O
1473,drops.,O
1474,EYE,O
1475,MEDS:,O
1476,Dorzolamide,O
1477,bid,O
1478,OS,B-ROUTE
1479,-,O
1480,7:00 AM,O
1481,Latanoprost,O
1482,qhs,O
1483,OS,B-ROUTE
1484,-,O
1485,8:00 PM,O
1486,Brimonidine,O
1487,BID,O
1488,OS,B-ROUTE
1489,-,O
1490,7:00 AM,O
1491,81,O
1492,y.o.,O
1493,male,O
1494,originally,O
1495,referred,O
1496,by,O
1497,Dr.,O
1498,"********,",O
1499,OD,B-ROUTE
1500,4,O
1501,months,O
1502,Impression:,O
1503,****,O
1504,stable,O
1505,Glare,O
1506,-,O
1507,?,O
1508,Related,O
1509,to,O
1510,cataract,O
1511,OD,B-ROUTE
1512,(is,O
1513,pseudophakic,O
1514,OS),B-ROUTE
1515,Plan:,O
1516,Continue,O
1517,Lumigan,O
1518,at,O
1519,night,O
1520,in,O
1521,both,B-ROUTE
1522,eyes,I-ROUTE
1523,Patient,O
1524,noted,O
1525,more,O
1526,glare.,O
1527,Unsure,O
1528,which,O
1529,"eye,",O
1530,thinks,O
1531,left,O
1532,side.,O
1533,Asked,O
1534,patient,O
1535,to,O
1536,cover,O
1537,one,O
1538,eye,O
1539,to,O
1540,see,O
1541,which,O
1542,eye,O
1543,is,O
1544,having,O
1545,the,O
1546,glare.,O
1547,*****,O
1548,***,O
1549,*********,O
1550,Progress,O
1551,Note,O
1552,**/*/****,O
1553,CC:,O
1554,Medical,O
1555,Eye,O
1556,Examination,O
1557,HPI:,O
1558,******,O
1559,*,O
1560,B,O
1561,******,O
1562,is,O
1563,a,O
1564,73,O
1565,y.o.,O
1566,male,O
1567,73,O
1568,year-old,O
1569,male,O
1570,with,O
1571,history,O
1572,of,O
1573,cataracts,O
1574,and,O
1575,pigmentary,O
1576,"glaucoma,",O
1577,here,O
1578,for,O
1579,routine,O
1580,eye,O
1581,exam.,O
1582,He,O
1583,reports,O
1584,a,O
1585,little,O
1586,more,O
1587,difficulty,O
1588,in,O
1589,seeing,O
1590,things,O
1591,at,O
1592,distance.,O
1593,He,O
1594,would,O
1595,like,O
1596,his,O
1597,glasses,O
1598,checked,O
1599,today.,O
1600,He,O
1601,says,O
1602,it,O
1603,is,O
1604,difficult,O
1605,to,O
1606,drive,O
1607,at,O
1608,night.,O
1609,Ocular,O
1610,meds:,O
1611,Latanoprost,O
1612,QHS,O
1613,OU,B-ROUTE
1614,******,O
1615,HPI:,O
1616,2,O
1617,Month,O
1618,f/u,O
1619,-,O
1620,Vision,O
1621,is,O
1622,stable,O
1623,"OU,",B-ROUTE
1624,having,O
1625,some,O
1626,dry,O
1627,eye,O
1628,OD.,B-ROUTE
1629,Denies,O
1630,eye,O
1631,pain.,O
1632,Good,O
1633,drop,O
1634,compliance.,O
1635,Eye,O
1636,Meds:,O
1637,Pred,O
1638,qAM,O
1639,OD,B-ROUTE
1640,-,O
1641,5:30 AM,O
1642,PFAT's,O
1643,-,O
1644,No,O
1645,occupation,O
1646,listed.,O
1647,Here,O
1648,today,O
1649,for,O
1650,Diurnal,O
1651,curve,O
1652,Impression:,O
1653,IOP,O
1654,curve,O
1655,showing,O
1656,elevation,O
1657,at,O
1658,earliest,O
1659,appointment,O
1660,(8am,O
1661,**/**),O
1662,Consistent,O
1663,with,O
1664,IOP,O
1665,elevation,O
1666,noted,O
1667,last,O
1668,visit,O
1669,during,O
1670,earlier,O
1671,AM,O
1672,appointment,O
1673,Last,O
1674,visit,O
1675,had,O
1676,equivocal,O
1677,glaucoma,O
1678,testing,O
1679,If,O
1680,appears,O
1681,to,O
1682,be,O
1683,progressing,O
1684,in,O
1685,"future,",O
1686,might,O
1687,consider,O
1688,trying,O
1689,**********,O
1690,or,O
1691,rhopressa,O
1692,given,O
1693,lack,O
1694,of,O
1695,response,O
1696,or,O
1697,side,O
1698,effects,O
1699,from,O
1700,other,O
1701,drops,O
1702,previously,O
1703,tried,O
1704,Plan:,O
1705,Continue,O
1706,latanoprost,O
1707,for,O
1708,now,O
1709,Review:,O
1710,3,O
1711,months,O
1712,with,O
1713,HVF,O
1714,**-*,O
1715,Assessment,O
1716,&,O
1717,Plan,O
1718,Note:,O
1719,-,O
1720,S/p,O
1721,*****,O
1722,implant,O
1723,OS,O
1724,(*/**/**),O
1725,-,O
1726,IOP,O
1727,"higher,",O
1728,on,O
1729,timolol,O
1730,and,O
1731,brimonidine,O
1732,BID,O
1733,-,O
1734,patient,O
1735,willing,O
1736,to,O
1737,try,O
1738,MMC,O
1739,"now,",O
1740,but,O
1741,discussed,O
1742,that,O
1743,this,O
1744,may,O
1745,not,O
1746,work,O
1747,given,O
1748,*****,O
1749,was,O
1750,done,O
1751,a,O
1752,long,O
1753,time,O
1754,ago.,O
1755,"However,",O
1756,the,O
1757,thin,O
1758,encapsulation,O
1759,makes,O
1760,it,O
1761,potentially,O
1762,possible,O
1763,if,O
1764,the,O
1765,MMC,O
1766,breakthrough,O
1767,some,O
1768,scarring,O
1769,and,O
1770,prevent,O
1771,further,O
1772,scarring.,O
1773,-,O
1774,patient,O
1775,already,O
1776,on,O
1777,near,O
1778,maximal,O
1779,tolerated,O
1780,medical,O
1781,therapy,O
1782,and,O
1783,this,O
1784,is,O
1785,better,O
1786,eye.,O
1787,-,O
1788,plan,O
1789,for,O
1790,"MMC,",O
1791,if,O
1792,no,O
1793,response,O
1794,then,O
1795,consider,O
1796,****,O
1797,Chief,O
1798,Complaint:,O
1799,Follow-up,O
1800,visit,O
1801,HPI:,O
1802,7,O
1803,months,O
1804,(saw,O
1805,Dr.,O
1806,*****,O
1807,5,O
1808,months,O
1809,ago),O
1810,No,O
1811,eye,O
1812,pain.,O
1813,No,O
1814,vision,O
1815,change,O
1816,-,O
1817,not,O
1818,gotten,O
1819,better.,O
1820,General,O
1821,health,O
1822,unchanged.,O
1823,States,O
1824,he,O
1825,tries,O
1826,to,O
1827,massage,O
1828,OS.,O
1829,Eye,O
1830,Meds:,O
1831,Timolol,O
1832,daily,O
1833,OU,B-ROUTE
1834,-,O
1835,7:00 AM,O
1836,Brimonidine,O
1837,BID,O
1838,OU,B-ROUTE
1839,-,O
1840,7:05 AM,O
1841,Latanoprost,O
1842,QHS,O
1843,OD,B-ROUTE
1844,-,O
1845,10p,O
1846,Erythromycin,O
1847,as,O
1848,needed,O
1849,AT,O
1850,PRN/rarely,O
1851,No,O
1852,occupation,O
1853,listed.,O
1854,IMPRESSION:,O
1855,78,O
1856,y.o.,O
1857,male,O
1858,with,O
1859,Ophthalmologic,O
1860,problems:,O
1861,1,O
1862,S/p,O
1863,SLT,O
1864,OD,O
1865,-360,O
1866,2,O
1867,primary,O
1868,open,O
1869,angle,O
1870,"glaucoma,",O
1871,likely,O
1872,at,O
1873,least,O
1874,moderate,O
1875,to,O
1876,severe,O
1877,based,O
1878,on,O
1879,nerves,O
1880,-marked,O
1881,optic,O
1882,nerve,O
1883,rim,O
1884,thinning,O
1885,with,O
1886,excavated,O
1887,cups,O
1888,OS>OD,O
1889,-previous,O
1890,***,O
1891,RNFL,O
1892,revealed,O
1893,marked,O
1894,thinning,O
1895,"OD>OS,",B-ROUTE
1896,no,O
1897,****,O
1898,in,O
1899,axis,O
1900,previously;,O
1901,2019,O
1902,HVF,O
1903,showing,O
1904,dense,O
1905,sup,O
1906,arcuate,O
1907,*********,O
1908,"OD>OS,",B-ROUTE
1909,confirmed/stable,O
1910,on,O
1911,HVF,O
1912,*/****,O
1913,-thick,O
1914,"pachy,",O
1915,?fam,O
1916,"hx,",O
1917,open,O
1918,gonio,O
1919,-IOP,O
1920,slightly,O
1921,improved,O
1922,s/p,O
1923,"SLT,",O
1924,not,O
1925,yet,O
1926,at,O
1927,goal,O
1928,2,O
1929,Cataracts,O
1930,OU,B-ROUTE
1931,-symptomatic,O
1932,3,O
1933,Transient,O
1934,photopsia,O
1935,OD;,B-ROUTE
1936,no,O
1937,longer,O
1938,"symptomatic,",O
1939,no,O
1940,tear/detachment,O
1941,noted,O
1942,on,O
1943,"exam,",O
1944,neg,O
1945,"******,",O
1946,no,O
1947,PVD,O
1948,noted,O
1949,PLAN,O
1950,1,O
1951,Stop,O
1952,PF,O
1953,2,O
1954,Continue,O
1955,with,O
1956,other,O
1957,two,O
1958,drops,O
1959,Brimonidine,O
1960,BID,O
1961,"OU,",B-ROUTE
1962,Dorzolamide,O
1963,BID,O
1964,OU,B-ROUTE
1965,3,O
1966,RTC,O
1967,2,O
1968,months,O
1969,for,O
1970,gonio/IOP,O
1971,check,O
1972,along,O
1973,with,O
1974,repeat,O
1975,VF,O
1976,testing,O
1977,***,O
1978,RNFL/HVF,O
1979,24-2.,O
1980,4,O
1981,Discussed,O
1982,options,O
1983,of,O
1984,referring,O
1985,back,O
1986,to,O
1987,glaucoma,O
1988,specialist,O
1989,for,O
1990,phaco/tube,O
1991,OD,B-ROUTE
1992,if,O
1993,IOP,O
1994,still,O
1995,not,O
1996,at,O
1997,target,O
1998,Glaucoma,O
1999,Diagnosis:,O
2000,HPI:,O
2001,********,O
2002,*****,O
2003,*****,O
2004,is,O
2005,a,O
2006,82,O
2007,y.o.,O
2008,male,O
2009,-,O
2010,Here,O
2011,today,O
2012,with,O
2013,son,O
2014,****,O
2015,Diagnosed,O
2016,with,O
2017,glaucoma,O
2018,about,O
2019,5,O
2020,years,O
2021,ago.,O
2022,Started,O
2023,using,O
2024,drops,O
2025,at,O
2026,that,O
2027,time.,O
2028,Thinks,O
2029,IOP,O
2030,was,O
2031,around,O
2032,20,O
2033,at,O
2034,that,O
2035,time.,O
2036,Has,O
2037,had,O
2038,a,O
2039,hard,O
2040,time,O
2041,with,O
2042,tolerance,O
2043,of,O
2044,drops.,O
2045,Can't,O
2046,remember,O
2047,what,O
2048,the,O
2049,effects,O
2050,"were,",O
2051,just,O
2052,says,O
2053,allergic,O
2054,reaction.,O
2055,Did,O
2056,get,O
2057,a,O
2058,rash,O
2059,after,O
2060,cataract,O
2061,surgery,O
2062,and,O
2063,feels,O
2064,that,O
2065,was,O
2066,due,O
2067,to,O
2068,a,O
2069,drop,O
2070,he,O
2071,was,O
2072,"on,",O
2073,but,O
2074,doesn't,O
2075,remember,O
2076,the,O
2077,name,O
2078,**,O
2079,***,O
2080,*****,O
2081,**,O
2082,them.,O
2083,Right,O
2084,eye,O
2085,right,O
2086,eye,O
2087,is,O
2088,his,O
2089,better,O
2090,seeing,O
2091,eye,O
2092,per,O
2093,patient.,O
2094,Was,O
2095,recommended,O
2096,surgery,O
2097,and,O
2098,patient,O
2099,wasn't,O
2100,ready,O
2101,for,O
2102,that.,O
2103,Requested,O
2104,a,O
2105,2nd,O
2106,opinion.,O
2107,Wanting,O
2108,to,O
2109,know,O
2110,what,O
2111,longterm,O
2112,outlook,O
2113,is,O
2114,and,O
2115,whether,O
2116,surgery,O
2117,is,O
2118,the,O
2119,right,O
2120,way,O
2121,to,O
2122,go.,O
2123,Had,O
2124,a,O
2125,bad,O
2126,experience,O
2127,with,O
2128,Dr.,O
2129,*******,O
2130,-,O
2131,felt,O
2132,like,O
2133,he,O
2134,has,O
2135,to,O
2136,***,O
2137,answers,O
2138,out,O
2139,of,O
2140,him.,O
2141,"""Can't",O
2142,do,O
2143,anything,O
2144,for,O
2145,"you,",O
2146,and,O
2147,walked,O
2148,out,O
2149,of,O
2150,the,O
2151,"room""",O
2152,after,O
2153,patient,O
2154,backed,O
2155,out,O
2156,of,O
2157,surgery.,O
2158,Had,O
2159,*****,O
2160,lenses,O
2161,put,O
2162,in,O
2163,when,O
2164,he,O
2165,did,O
2166,his,O
2167,cataract,O
2168,surgery.,O
2169,*******,O
2170,if,O
2171,they,O
2172,could,O
2173,have,O
2174,anything,O
2175,to,O
2176,do,O
2177,with,O
2178,his,O
2179,vision,O
2180,problems.,O
2181,*******,O
2182,if,O
2183,the,O
2184,decline,O
2185,in,O
2186,vision,O
2187,is,O
2188,for,O
2189,sure,O
2190,from,O
2191,glaucoma,O
2192,or,O
2193,if,O
2194,it's,O
2195,his,O
2196,macular,O
2197,degeneration.,O
2198,Reports,O
2199,good,O
2200,compliance,O
2201,with,O
2202,drops.,O
2203,No,O
2204,eye,O
2205,"pain,",O
2206,but,O
2207,towards,O
2208,the,O
2209,end,O
2210,of,O
2211,day,O
2212,eyes,O
2213,get,O
2214,tired,O
2215,and,O
2216,irritated.,O
2217,Uses,O
2218,refresh,O
2219,tears,O
2220,and,O
2221,that,O
2222,usually,O
2223,helps.,O
2224,Gets,O
2225,some,O
2226,blurriness,O
2227,after,O
2228,putting,O
2229,in,O
2230,his,O
2231,glaucoma,O
2232,drops,O
2233,for,O
2234,up,O
2235,to,O
2236,30,O
2237,minutes.,O
2238,Eye,O
2239,medications:,O
2240,Dorzolamide/Timolol,O
2241,BID,O
2242,OU,B-ROUTE
2243,-,O
2244,8:30 AM,O
2245,Latanoprost,O
2246,qhs,O
2247,qhs,O
2248,OU,B-ROUTE
2249,-,O
2250,10:30 PM,O
2251,Chief,O
2252,Complaint:,O
2253,Follow-up,O
2254,visit,O
2255,HPI:,O
2256,Here,O
2257,for,O
2258,4,O
2259,mo,O
2260,f/u,O
2261,+,O
2262,HVF,O
2263,Was,O
2264,in,O
2265,the,O
2266,hospital,O
2267,for,O
2268,about,O
2269,2,O
2270,months,O
2271,for,O
2272,hip,O
2273,replacement,O
2274,-,O
2275,made,O
2276,sure,O
2277,to,O
2278,get,O
2279,drops,O
2280,in.,O
2281,Hasn't,O
2282,been,O
2283,getting,O
2284,the,O
2285,throbbing/watering,O
2286,that,O
2287,she,O
2288,used,O
2289,to,O
2290,have.,O
2291,No,O
2292,noticeable,O
2293,changes,O
2294,to,O
2295,vision.,O
2296,Eye,O
2297,meds:,O
2298,Brimonidine,O
2299,BID,O
2300,OD,B-ROUTE
2301,-,O
2302,midnight,O
2303,Latanoprost,O
2304,hs,O
2305,OU,B-ROUTE
2306,-,O
2307,out,O
2308,of,O
2309,Eye,O
2310,ointment,O
2311,PRN,O
2312,OU,B-ROUTE
2313,Warm,O
2314,Compresses,O
2315,Lid,O
2316,Scrubs,O
2317,No,O
2318,occupation,O
2319,listed.,O
2320,OPHTHALMOLOGY,O
2321,FOLLOW,O
2322,UP,O
2323,EXAMINATION:,O
2324,REASON,O
2325,FOR,O
2326,VISIT:,O
2327,Follow-up,O
2328,visit,O
2329,Aphakic,O
2330,open,O
2331,angle,O
2332,"glaucoma,",O
2333,left,O
2334,eye,O
2335,INTERVAL,O
2336,HISTORY:,O
2337,******,O
2338,*,O
2339,******,O
2340,is,O
2341,a,O
2342,3,O
2343,y.o.,O
2344,female,O
2345,from,O
2346,*******,O
2347,accompanied,O
2348,by,O
2349,English-speaking,O
2350,mother.,O
2351,Mom,O
2352,thinks,O
2353,that,O
2354,her,O
2355,pressure,O
2356,in,O
2357,the,O
2358,left,O
2359,eye,O
2360,is,O
2361,up,O
2362,because,O
2363,her,O
2364,eye,O
2365,looks,O
2366,bigger,O
2367,again.,O
2368,They,O
2369,are,O
2370,using,O
2371,timolol,O
2372,in,O
2373,morning,O
2374,in,O
2375,the,O
2376,left,B-ROUTE
2377,eye.,I-ROUTE
2378,Last,O
2379,used,O
2380,the,O
2381,drop,O
2382,this,O
2383,morning,O
2384,at,O
2385,6:45 AM,O
2386,They,O
2387,are,O
2388,********,O
2389,the,O
2390,right,O
2391,eye,O
2392,for,O
2393,1.5,O
2394,hours,O
2395,per,O
2396,day.,O
2397,Glaucoma,O
2398,Diagnosis:,O
2399,HPI:,O
2400,*********,O
2401,****,O
2402,is,O
2403,a,O
2404,53,O
2405,y.o.,O
2406,male,O
2407,here,O
2408,for,O
2409,6,O
2410,month,O
2411,"f/u,",O
2412,"FP,",O
2413,Dilated,O
2414,"Exam,",O
2415,GVF,O
2416,Vision,O
2417,is,O
2418,stable.,O
2419,Denies,O
2420,eye,O
2421,pain.,O
2422,Good,O
2423,****,O
2424,Compliance.,O
2425,Eye,O
2426,medications:,O
2427,Prednisolone,O
2428,4,O
2429,times,O
2430,daily,O
2431,RIGHT,B-ROUTE
2432,eye,I-ROUTE
2433,-,O
2434,12:00 PM,O
2435,Cosopt,O
2436,Twice,O
2437,daily,O
2438,BOTH,B-ROUTE
2439,eyes,I-ROUTE
2440,-,O
2441,7:00 AM,O
2442,Brimonidine,O
2443,Twice,O
2444,daily,O
2445,BOTH,B-ROUTE
2446,eyes,I-ROUTE
2447,-,O
2448,7:10,O
2449,Lumigan,O
2450,At,O
2451,bedtime,O
2452,LEFT,B-ROUTE
2453,eye,I-ROUTE
2454,-,O
2455,10:30 PM,O
2456,PFATs,O
2457,prn,O
2458,OU,B-ROUTE
2459,-,O
2460,Have,O
2461,not,O
2462,used,O
2463,for,O
2464,a,O
2465,while,O
2466,Chief,O
2467,Complaint:,O
2468,Follow-up,O
2469,visit,O
2470,HPI:,O
2471,Here,O
2472,today,O
2473,for,O
2474,6,O
2475,mo,O
2476,f/u,O
2477,Saw,O
2478,Dr.********,O
2479,*/**/****.,O
2480,Pt,O
2481,doing,O
2482,well.,O
2483,No,O
2484,vision,O
2485,complaints.,O
2486,No,O
2487,pain/discomfort,O
2488,Ocular,O
2489,meds:,O
2490,Timolol,O
2491,BID,O
2492,OD,B-ROUTE
2493,-,O
2494,5:00 AM,O
2495,****,O
2496,ung,O
2497,QHS,O
2498,OD,B-ROUTE
2499,Lumigan,O
2500,QHS,O
2501,OU,B-ROUTE
2502,-,O
2503,9:00 PM,O
2504,Ilotycin,O
2505,QHS,O
2506,Acyclovir,O
2507,800,O
2508,BID,O
2509,PFATs,O
2510,*****,O
2511,**,O
2512,No,O
2513,occupation,O
2514,listed.,O
2515,Assessment,O
2516,&,O
2517,Plan,O
2518,Note:,O
2519,Mixed,O
2520,mechanism,O
2521,"glaucoma,",O
2522,-,O
2523,prior,O
2524,angle,O
2525,"closure,",O
2526,s/p,O
2527,ce/iol,O
2528,OU,O
2529,2016,O
2530,-,O
2531,Good,O
2532,IOP,O
2533,"today,",O
2534,thin,O
2535,pachy.,O
2536,-,O
2537,visual,O
2538,field,O
2539,progression,O
2540,OD,O
2541,with,O
2542,end,O
2543,stage,O
2544,glaucoma.,O
2545,Patient,O
2546,still,O
2547,refuses,O
2548,surgery,O
2549,and,O
2550,is,O
2551,on,O
2552,maximal,O
2553,tolerated,O
2554,medical,O
2555,therapy,O
2556,-,O
2557,monitor.,O
2558,Continue,O
2559,eyedrop,O
2560,Chief,O
2561,Complaint:,O
2562,Follow-up,O
2563,visit,O
2564,HPI:,O
2565,5,O
2566,months,O
2567,+,O
2568,DFE,O
2569,No,O
2570,eye,O
2571,pain,O
2572,or,O
2573,vision,O
2574,change.,O
2575,Patient,O
2576,still,O
2577,expresses,O
2578,she,O
2579,does,O
2580,not,O
2581,want,O
2582,surgery.,O
2583,Good,O
2584,drop,O
2585,compliance.,O
2586,General,O
2587,health,O
2588,unchanged.,O
2589,Eye,O
2590,meds:,O
2591,Cosopt,O
2592,bid,O
2593,OU-,B-ROUTE
2594,7:30 AM,O
2595,Travatan,O
2596,Z,O
2597,qhs,O
2598,OS-,B-ROUTE
2599,9:00 PM,O
2600,Vyzulta,O
2601,qhs,O
2602,OD-,B-ROUTE
2603,9:00 PM,O
2604,*****,O
2605,***,O
2606,*********,O
2607,Progress,O
2608,Note,O
2609,*/**/****,O
2610,Impression/Diagnosis:,O
2611,89,O
2612,y.o.,O
2613,female,O
2614,with,O
2615,Ophthalmologic,O
2616,problems:,O
2617,1,O
2618,Dry,O
2619,"eyes,",O
2620,"bilateral,",O
2621,with,O
2622,stable,O
2623,symptoms,O
2624,and,O
2625,findings,O
2626,2,O
2627,Primary,O
2628,open-angle,O
2629,"glaucoma,",O
2630,both,O
2631,"eyes,",O
2632,moderate,O
2633,"stage,",O
2634,with,O
2635,pressure,O
2636,in,O
2637,target,O
2638,range,O
2639,on,O
2640,one,O
2641,medication,O
2642,3,O
2643,Myopic,O
2644,"astigmatism,",O
2645,both,O
2646,"eyes,",O
2647,with,O
2648,presbyopia,O
2649,Plan/Recommendation:,O
2650,1,O
2651,Continue,O
2652,preservative-free,O
2653,timolol,O
2654,twice,O
2655,daily,O
2656,in,O
2657,both,B-ROUTE
2658,"eyes,",I-ROUTE
2659,and,O
2660,lubricants,O
2661,2,O
2662,New,O
2663,glasses,O
2664,"Rx,",O
2665,per,O
2666,her,O
2667,request.,O
2668,I,O
2669,advised,O
2670,that,O
2671,her,O
2672,vision,O
2673,would,O
2674,not,O
2675,improve,O
2676,with,O
2677,changing,O
2678,glasses,O
2679,Chief,O
2680,Complaint:,O
2681,Follow-up,O
2682,visit,O
2683,POAG,O
2684,-,O
2685,Primary,O
2686,open-angle,O
2687,glaucoma,O
2688,HPI:,O
2689,***,O
2690,***;,O
2691,Here,O
2692,today,O
2693,for,O
2694,4,O
2695,month,O
2696,follow,O
2697,up,O
2698,-,O
2699,pt,O
2700,states,O
2701,vision,O
2702,not,O
2703,good,O
2704,"lately,",O
2705,seems,O
2706,like,O
2707,fading,O
2708,"out,",O
2709,distance,O
2710,and,O
2711,********,O
2712,and,O
2713,hearing,O
2714,is,O
2715,going,O
2716,in,O
2717,the,O
2718,left,O
2719,ear.,O
2720,Just,O
2721,last,O
2722,few,O
2723,days,O
2724,F>B,O
2725,sensation,O
2726,gets,O
2727,****,O
2728,of,O
2729,pain,O
2730,like,O
2731,a,O
2732,pin,O
2733,in,O
2734,**.,O
2735,(,O
2736,a,O
2737,couple,O
2738,of,O
2739,times,O
2740,a,O
2741,day,O
2742,for,O
2743,4,O
2744,days,O
2745,but,O
2746,nothing,O
2747,today.),O
2748,Pt,O
2749,will,O
2750,be,O
2751,89,O
2752,in,O
2753,2,O
2754,months,O
2755,Eye,O
2756,meds:,O
2757,PF,O
2758,ATs,O
2759,prn,O
2760,OU,B-ROUTE
2761,Chief,O
2762,Complaint:,O
2763,Follow-up,O
2764,visit,O
2765,HPI:,O
2766,3,O
2767,month,O
2768,follow,O
2769,up,O
2770,+,O
2771,VF,O
2772,24-2,O
2773,No,O
2774,eye,O
2775,pain.,O
2776,Vision,O
2777,is,O
2778,about,O
2779,the,O
2780,same,O
2781,-,O
2782,new,O
2783,glasses,O
2784,working,O
2785,well.,O
2786,Good,O
2787,drop,O
2788,compliance.,O
2789,EYE,O
2790,MEDS:,O
2791,Combigan,O
2792,2x/day,O
2793,LEFT,B-ROUTE
2794,eye,I-ROUTE
2795,-6:30a,O
2796,Lotemax,O
2797,daily,O
2798,LEFT,B-ROUTE
2799,eye,I-ROUTE
2800,-6:15a,O
2801,Refresh,O
2802,Plus,O
2803,prn,O
2804,OU,B-ROUTE
2805,Refresh,O
2806,Optive,O
2807,qhs,O
2808,OU,B-ROUTE
2809,Glaucoma,O
2810,Diagnosis:,O
2811,HPI:,O
2812,*******,O
2813,*,O
2814,*****,O
2815,is,O
2816,a,O
2817,85,O
2818,y.o.,O
2819,male.,O
2820,Here,O
2821,with,O
2822,friend,O
2823,******,O
2824,Last,O
2825,seen,O
2826,**/**/****,O
2827,--,O
2828,CPC,O
2829,vs.,O
2830,Escalation,O
2831,of,O
2832,drops,O
2833,per,O
2834,Dr.*****,O
2835,**,O
2836,No,O
2837,eye,O
2838,pain.,O
2839,Vision,O
2840,got,O
2841,worse,O
2842,in,O
2843,the,O
2844,right,O
2845,eye,O
2846,after,O
2847,last,O
2848,laser,O
2849,on,O
2850,the,O
2851,left,O
2852,eye,O
2853,-,O
2854,says,O
2855,that,O
2856,they,O
2857,********,O
2858,both,O
2859,eyes',O
2860,but,O
2861,only,O
2862,*******,O
2863,the,O
2864,left.,O
2865,Vision,O
2866,has,O
2867,not,O
2868,been,O
2869,as,O
2870,good,O
2871,OD,O
2872,since,O
2873,then.,O
2874,MD,O
2875,HPI:,O
2876,significant,O
2877,concerns,O
2878,about,O
2879,visual,O
2880,blurring,O
2881,post,O
2882,CPC,O
2883,OS,O
2884,last,O
2885,"time,",O
2886,and,O
2887,the,O
2888,time,O
2889,needed,O
2890,for,O
2891,recovery.,O
2892,Is,O
2893,anxious,O
2894,about,O
2895,any,O
2896,further,O
2897,therapy,O
2898,in,O
2899,either,O
2900,eye.,O
2901,Eye,O
2902,medications:,O
2903,Dorzolamide,O
2904,2x/day,O
2905,LEFT,B-ROUTE
2906,eye,I-ROUTE
2907,-,O
2908,7:00 PM,O
2909,Latanoprost,O
2910,in,O
2911,the,O
2912,evening,O
2913,LEFT,B-ROUTE
2914,eye,I-ROUTE
2915,-,O
2916,10p,O
2917,AT,O
2918,PRN,O
2919,Patient,O
2920,states,O
2921,vision,O
2922,has,O
2923,been,O
2924,stable.,O
2925,She's,O
2926,noticed,O
2927,left,O
2928,upper,O
2929,lid,O
2930,is,O
2931,dropping,O
2932,more.,O
2933,Saw,O
2934,Dr.*****,O
2935,about,O
2936,two,O
2937,weeks,O
2938,ago,O
2939,who,O
2940,prescribed,O
2941,erythromycin,O
2942,to,O
2943,help,O
2944,OS.,B-ROUTE
2945,Good,O
2946,drop,O
2947,compliance,O
2948,--,O
2949,patient,O
2950,not,O
2951,using,O
2952,"Brimonidine,",O
2953,patient,O
2954,and,O
2955,husband,O
2956,do,O
2957,not,O
2958,remember,O
2959,when,O
2960,she,O
2961,stopped.,O
2962,Current,O
2963,Ocular,O
2964,meds:,O
2965,self-administered,O
2966,Cosopt,O
2967,Twice,O
2968,daily,O
2969,BOTH,B-ROUTE
2970,eyes,I-ROUTE
2971,-,O
2972,8:00 AM,O
2973,Latanoprost,O
2974,At,O
2975,bedtime,O
2976,BOTH,B-ROUTE
2977,eyes,I-ROUTE
2978,-,O
2979,9:30 PM,O
2980,Cyclosporine,O
2981,Twice,O
2982,daily,O
2983,LEFT,B-ROUTE
2984,eye,I-ROUTE
2985,Restasis,O
2986,Twice,O
2987,daily,O
2988,BOTH,B-ROUTE
2989,eyes,I-ROUTE
2990,Soothe,O
2991,qhs,O
2992,OS,B-ROUTE
2993,*****,O
2994,PRN,O
2995,PF,O
2996,Systane,O
2997,QID,O
2998,OS>OD,O
2999,Fish,O
3000,oils,O
3001,Assessment,O
3002,&,O
3003,Plan:,O
3004,72,O
3005,y.o.,O
3006,male,O
3007,Primary,O
3008,open,O
3009,angle,O
3010,glaucoma,O
3011,of,O
3012,both,O
3013,"eyes,",O
3014,moderate,O
3015,stage,O
3016,1,O
3017,Primary,O
3018,open,O
3019,angle,O
3020,glaucoma,O
3021,OS>OD,O
3022,-,O
3023,s/p,O
3024,repeat,O
3025,SLT,O
3026,OU,O
3027,with,O
3028,good,O
3029,IOP.,O
3030,On,O
3031,no,O
3032,eyedrop,O
3033,-,O
3034,HVF,O
3035,still,O
3036,suspicious,O
3037,for,O
3038,progression,O
3039,"OS,",O
3040,did,O
3041,not,O
3042,use,O
3043,CBD,O
3044,oil,O
3045,today,O
3046,but,O
3047,normally,O
3048,uses,O
3049,BID,O
3050,-,O
3051,h/o,O
3052,asthma,O
3053,on,O
3054,inhaler.,O
3055,Multiple,O
3056,eyedrop,O
3057,intolerance,O
3058,including,O
3059,all,O
3060,PGA,O
3061,with,O
3062,preservatives.,O
3063,2,O
3064,Cataract,O
3065,OU:,O
3066,patient,O
3067,interested,O
3068,in,O
3069,surgery.,O
3070,Refer,O
3071,to,O
3072,COA,O
3073,for,O
3074,eval,O
3075,3,O
3076,Ocular,O
3077,pain,O
3078,OS:,O
3079,patient,O
3080,reports,O
3081,intermittent,O
3082,sharp,O
3083,pain,O
3084,OS,O
3085,since,O
3086,"SLT,",O
3087,sometimes,O
3088,lasting,O
3089,for,O
3090,hours.,O
3091,Exam,O
3092,shows,O
3093,no,O
3094,cell,O
3095,or,O
3096,other,O
3097,etiology,O
3098,for,O
3099,pain.,O
3100,Consider,O
3101,dry,O
3102,eye,O
3103,as,O
3104,patient,O
3105,reports,O
3106,better,O
3107,with,O
3108,artificial,O
3109,tears,O
3110,use.,O
3111,Chief,O
3112,Complaint:,O
3113,Follow-up,O
3114,visit,O
3115,Glaucoma,O
3116,Follow-up,O
3117,HPI,O
3118,(Edited,O
3119,by,O
3120,physician):5,O
3121,month,O
3122,f/u,O
3123,+,O
3124,HVF,O
3125,OS,O
3126,+,O
3127,DFE,O
3128,Vision,O
3129,stable,O
3130,in,O
3131,**.,O
3132,Eye,O
3133,pain,O
3134,in,O
3135,*******,O
3136,cataracts,O
3137,off,O
3138,from,O
3139,eyes.No,O
3140,other,O
3141,concerns,O
3142,today.,O
3143,Enrolled,O
3144,for,O
3145,*****,O
3146,study,O
3147,today,O
3148,Eye,O
3149,meds:,O
3150,None,O
3151,Glaucoma,O
3152,Diagnosis:,O
3153,HPI:,O
3154,*******,O
3155,*,O
3156,***,O
3157,****,O
3158,is,O
3159,a,O
3160,69,O
3161,y.o.,O
3162,female,O
3163,Patient,O
3164,states,O
3165,she,O
3166,does,O
3167,have,O
3168,pain,O
3169,in,O
3170,her,O
3171,left,O
3172,"eye,",O
3173,burning,O
3174,and,O
3175,stinging,O
3176,throughout,O
3177,the,O
3178,day.,O
3179,She,O
3180,says,O
3181,that,O
3182,the,O
3183,evening,O
3184,is,O
3185,usually,O
3186,the,O
3187,worse.,O
3188,She,O
3189,notes,O
3190,that,O
3191,the,O
3192,dryness,O
3193,is,O
3194,bothering,O
3195,her,O
3196,OS>>OD.,O
3197,No,O
3198,notable,O
3199,pain,O
3200,OD.,O
3201,States,O
3202,that,O
3203,vision,O
3204,OS,O
3205,is,O
3206,not,O
3207,good.,O
3208,She,O
3209,says,O
3210,that,O
3211,her,O
3212,vision,O
3213,will,O
3214,fluctuate,O
3215,is,O
3216,she,O
3217,is,O
3218,really,O
3219,trying,O
3220,to,O
3221,focus,O
3222,on,O
3223,things.,O
3224,She,O
3225,does,O
3226,have,O
3227,issues,O
3228,seeing,O
3229,signs,O
3230,on,O
3231,the,O
3232,road.,O
3233,Multiple,O
3234,drop,O
3235,sensitivities,O
3236,-,O
3237,see,O
3238,below.,O
3239,No,O
3240,current,O
3241,Rx,O
3242,drop,O
3243,use.,O
3244,No,O
3245,flashes,O
3246,of,O
3247,"light,",O
3248,some,O
3249,floaters.,O
3250,Eye,O
3251,medications:,O
3252,Refresh,O
3253,PRN/at,O
3254,least,O
3255,once,O
3256,daily,O
3257,Systane,O
3258,PRN,O
3259,Chief,O
3260,Complaint,O
3261,Patient,O
3262,presents,O
3263,with,O
3264,Here,O
3265,for,O
3266,6,O
3267,months,O
3268,follow,O
3269,up,O
3270,for,O
3271,primary,O
3272,open,O
3273,angle,O
3274,glaucoma.,O
3275,Rescheduled,O
3276,from,O
3277,*/*/**-*****-19.,O
3278,Hx:,O
3279,He,O
3280,feels,O
3281,the,O
3282,whole,O
3283,*****,O
3284,looks,O
3285,like,O
3286,a,O
3287,fob,O
3288,over,O
3289,his,O
3290,vision.,O
3291,Gets,O
3292,Avastin,O
3293,injection-OS,B-ROUTE
3294,every,O
3295,time,O
3296,he,O
3297,see's,O
3298,Dr.,O
3299,*****,O
3300,and,O
3301,will,O
3302,see,O
3303,him,O
3304,every,O
3305,month,O
3306,for,O
3307,now.,O
3308,Contrast,O
3309,on,O
3310,chart,O
3311,is,O
3312,not,O
3313,clear-not,O
3314,black,O
3315,and,O
3316,white.,O
3317,Eye,O
3318,Meds:,O
3319,Rhopressa,O
3320,at,O
3321,night-both,B-ROUTE
3322,eyes,I-ROUTE
3323,Latanoprost,O
3324,at,O
3325,night-both,B-ROUTE
3326,eyes,I-ROUTE
3327,Used,O
3328,drops,O
3329,last,O
3330,night,O
3331,about,O
3332,10:00 PM,O
3333,*****,O
3334,***,O
3335,*********,O
3336,Progress,O
3337,Note,O
3338,*/**/****,O
3339,CC:,O
3340,IOP,O
3341,Check,O
3342,-,O
3343,Intraocular,O
3344,Pressure,O
3345,Check,O
3346,Diabetic,O
3347,Retinopathy,O
3348,Screening,O
3349,Cataract,O
3350,Evaluation,O
3351,IOP,O
3352,check,O
3353,and,O
3354,***-G,O
3355,to,O
3356,monitor,O
3357,glaucoma.,O
3358,Using,O
3359,LATANOPROST,O
3360,OU,B-ROUTE
3361,QHS.,O
3362,Type,O
3363,2,O
3364,DM,O
3365,eval;,O
3366,BS,O
3367,125,O
3368,this,O
3369,AM.,O
3370,A1c,O
3371,7.1,O
3372,about,O
3373,3,O
3374,months,O
3375,ago.,O
3376,Insulin,O
3377,use:,O
3378,NO.,O
3379,Checking,O
3380,cataracts,O
3381,she,O
3382,is,O
3383,not,O
3384,noticing,O
3385,vision,O
3386,change.,O
3387,HPI:,O
3388,*********,O
3389,***,O
3390,*******,O
3391,is,O
3392,a,O
3393,62,O
3394,y.o.,O
3395,female,O
3396,IOP,O
3397,check,O
3398,and,O
3399,***-G,O
3400,to,O
3401,monitor,O
3402,glaucoma,O
3403,OU;,O
3404,no,O
3405,problems,O
3406,with,O
3407,her,O
3408,drops./,O
3409,Type,O
3410,2,O
3411,NIDDM,O
3412,eval;,O
3413,her,O
3414,PCP,O
3415,is,O
3416,satisfied,O
3417,with,O
3418,her,O
3419,control,O
3420,but,O
3421,adjusting,O
3422,her,O
3423,thyroid,O
3424,med,O
3425,to,O
3426,see,O
3427,of,O
3428,lowers,O
3429,her,O
3430,A1`C.,O
3431,*****,O
3432,with,O
3433,her,O
3434,vision.,O
3435,Pt,O
3436,here,O
3437,for,O
3438,iop,O
3439,check,O
3440,with,O
3441,visual,O
3442,field,O
3443,OS,O
3444,and,O
3445,***,O
3446,onh,O
3447,Using,O
3448,systane,O
3449,about,O
3450,QD,O
3451,(hard,O
3452,time,O
3453,*******,O
3454,drops,O
3455,in,O
3456,with,O
3457,torn,O
3458,*****,O
3459,cuff),O
3460,-,O
3461,OS,B-ROUTE
3462,is,O
3463,red,O
3464,today.,O
3465,Didn't,O
3466,notice,O
3467,it,O
3468,until,O
3469,daughter,O
3470,said,O
3471,something.,O
3472,No,O
3473,pain,O
3474,or,O
3475,itching.,O
3476,-,O
3477,started,O
3478,a,O
3479,new,O
3480,chemo,O
3481,medication,O
3482,2,O
3483,weeks,O
3484,ago,O
3485,but,O
3486,was,O
3487,taken,O
3488,off,O
3489,of,O
3490,it,O
3491,because,O
3492,of,O
3493,too,O
3494,many,O
3495,side,O
3496,effects.,O
3497,-,O
3498,needs,O
3499,stronger,O
3500,readers,O
3501,no,O
3502,need,O
3503,for,O
3504,"mrx,",O
3505,HPI:,O
3506,*****,O
3507,**,O
3508,****,O
3509,is,O
3510,a,O
3511,74,O
3512,y.o.,O
3513,female,O
3514,here,O
3515,for,O
3516,undilated,O
3517,IOP,O
3518,check,O
3519,with,O
3520,HVF,O
3521,and,O
3522,***,O
3523,ONH.,O
3524,Doing,O
3525,well,O
3526,"overall,",O
3527,but,O
3528,had,O
3529,to,O
3530,stop,O
3531,recently,O
3532,instituted,O
3533,chemotherapeutic,O
3534,due,O
3535,to,O
3536,side,O
3537,effects.,O
3538,Interested,O
3539,in,O
3540,new,O
3541,reading,O
3542,glasses.,O
3543,HPI:,O
3544,*****,O
3545,****,O
3546,****,O
3547,is,O
3548,a,O
3549,**,O
3550,y.o.,O
3551,female,O
3552,Established,O
3553,patient,O
3554,returns,O
3555,for,O
3556,***/Dry,O
3557,eye,O
3558,check/MRX,O
3559,Only,O
3560,see,O
3561,double,O
3562,when,O
3563,glasses,O
3564,are,O
3565,off.,O
3566,I,O
3567,only,O
3568,use,O
3569,refresh,O
3570,when,O
3571,I,O
3572,think,O
3573,about,O
3574,"it,",O
3575,the,O
3576,refresh,O
3577,scratches,O
3578,my,O
3579,eyes-I,O
3580,don't,O
3581,think,O
3582,I,O
3583,have,O
3584,much,O
3585,trouble,O
3586,with,O
3587,Dry,O
3588,eyes.,O
3589,Hoping,O
3590,to,O
3591,get,O
3592,a,O
3593,new,O
3594,Rx,O
3595,today.,O
3596,**,O
3597,meds,O
3598,Travatan,O
3599,QHS,O
3600,OD,B-ROUTE
3601,*****,O
3602,***,O
3603,*********,O
3604,Progress,O
3605,Note,O
3606,*/**/****,O
3607,CC:,O
3608,Medical,O
3609,Eye,O
3610,Examination,O
3611,HPI:,O
3612,******,O
3613,******,O
3614,*******,O
3615,is,O
3616,a,O
3617,80,O
3618,y.o.,O
3619,male,O
3620,Patient,O
3621,would,O
3622,his,O
3623,glasses,O
3624,checked,O
3625,today.,O
3626,He,O
3627,would,O
3628,like,O
3629,to,O
3630,return,O
3631,to,O
3632,bifocal,O
3633,lenses.,O
3634,Compliant,O
3635,with,O
3636,drops.,O
3637,Increase,O
3638,in,O
3639,"floaters,",O
3640,he,O
3641,thinks,O
3642,right,O
3643,eye.,O
3644,No,O
3645,flashes,O
3646,of,O
3647,light.,O
3648,Ocular,O
3649,meds:,O
3650,-Dorzolamide/Timolol,O
3651,"BID,",O
3652,OU,B-ROUTE
3653,-Brimonidine,O
3654,"BID,",O
3655,OU,B-ROUTE
3656,-Latanoprost,O
3657,"QHS,",O
3658,OU,B-ROUTE
3659,HPI:,O
3660,*******,O
3661,*****,O
3662,****,O
3663,"(********),",O
3664,54,O
3665,y.o.,O
3666,year,O
3667,old,O
3668,male,O
3669,from,O
3670,********,O
3671,:,O
3672,No,O
3673,chief,O
3674,complaint,O
3675,on,O
3676,file.,O
3677,Pt,O
3678,here,O
3679,today,O
3680,for,O
3681,cataract,O
3682,"eval,",O
3683,pt,O
3684,said,O
3685,VA,O
3686,is,O
3687,very,O
3688,blurry.,O
3689,He,O
3690,said,O
3691,his,O
3692,glasses,O
3693,doesn't,O
3694,help,O
3695,much,O
3696,for,O
3697,distance,O
3698,Timolol,O
3699,BID,O
3700,OU,B-ROUTE
3701,:he,O
3702,said,O
3703,put,O
3704,all,O
3705,the,O
3706,drops,O
3707,today,O
3708,Dorzolamide,O
3709,BID-TID,O
3710,OU,O
3711,today,O
3712,morning,O
3713,Lumigan,O
3714,qHS,O
3715,OU,B-ROUTE
3716,yesterday,O
3717,Plan:,O
3718,Consent,O
3719,signed,O
3720,for,O
3721,CEIOL,O
3722,LEFT,O
3723,EYE,O
3724,today,O
3725,Orders,O
3726,placed,O
3727,Preop,O
3728,appt,O
3729,Friday,O
3730,General,O
3731,Anesthesia,O
3732,Continue,O
3733,Timolol,O
3734,BID,O
3735,OU,B-ROUTE
3736,Continue,O
3737,Dorzolamide,O
3738,BID-TID,O
3739,OU,B-ROUTE
3740,Continue,O
3741,Lumigan,O
3742,qHS,O
3743,OU,B-ROUTE
3744,(okay,O
3745,to,O
3746,switch,O
3747,to,O
3748,latanoprost,O
3749,if,O
3750,insurance,O
3751,does,O
3752,not,O
3753,cover,O
3754,*****,O
3755,***,O
3756,*********,O
3757,Progress,O
3758,Note,O
3759,*/**/****,O
3760,CC:,O
3761,Cataract,O
3762,Evaluation,O
3763,Refraction,O
3764,IOP,O
3765,Check,O
3766,-,O
3767,Intraocular,O
3768,Pressure,O
3769,Check,O
3770,Checking,O
3771,cataracts.,O
3772,He,O
3773,is,O
3774,currently,O
3775,only,O
3776,wearing,O
3777,OTC,O
3778,readers.,O
3779,He,O
3780,is,O
3781,unsure,O
3782,of,O
3783,vision,O
3784,change.,O
3785,Seems,O
3786,to,O
3787,have,O
3788,stabilized.,O
3789,Dr,O
3790,********,O
3791,and,O
3792,Dr.,O
3793,******,O
3794,have,O
3795,treated,O
3796,with,O
3797,laser,O
3798,and,O
3799,Avastin.,O
3800,Would,O
3801,like,O
3802,refraction.,O
3803,Using:,O
3804,Timolol,O
3805,**,O
3806,"***,",O
3807,Latanoprost,O
3808,OS,B-ROUTE
3809,in,O
3810,evening.,O
3811,HPI:,O
3812,******,O
3813,*,O
3814,*****,O
3815,is,O
3816,a,O
3817,76,O
3818,y.o.,O
3819,male,O
3820,Cataract,O
3821,check;,O
3822,his,O
3823,vision,O
3824,is,O
3825,stable,O
3826,and,O
3827,is,O
3828,followed,O
3829,by,O
3830,the,O
3831,******,O
3832,Service.,O
3833,He,O
3834,wants,O
3835,glasses.,O
3836,Currently,O
3837,reads,O
3838,with,O
3839,SVR,O
3840,on,O
3841,his,O
3842,computer,O
3843,*****,O
3844,***,O
3845,*********,O
3846,Progress,O
3847,Note,O
3848,*/**/****,O
3849,CC:,O
3850,Follow-up,O
3851,visit,O
3852,HPI:,O
3853,*****,O
3854,****,O
3855,*****,O
3856,is,O
3857,a,O
3858,66,O
3859,y.o.,O
3860,female,O
3861,***,O
3862,pt,O
3863,here,O
3864,for,O
3865,f/U,O
3866,CME,O
3867,following,O
3868,release,O
3869,from,O
3870,Dr.,O
3871,*****,O
3872,Pt,O
3873,st's,O
3874,her,O
3875,eye,O
3876,was,O
3877,irritated,O
3878,after,O
3879,instilling,O
3880,latanoprost,O
3881,and,O
3882,her,O
3883,va,O
3884,gets,O
3885,really,O
3886,blurred,O
3887,for,O
3888,approx,O
3889,10-15,O
3890,minutes,O
3891,after,O
3892,using,O
3893,it.,O
3894,Pt,O
3895,st's,O
3896,her,O
3897,eyes,O
3898,are,O
3899,really,O
3900,red,O
3901,in,O
3902,the,O
3903,AM.,O
3904,Pt,O
3905,is,O
3906,wondering,O
3907,if,O
3908,the,O
3909,systane,O
3910,could,O
3911,cause,O
3912,that.,O
3913,Pt,O
3914,got,O
3915,a,O
3916,new,O
3917,pr,O
3918,of,O
3919,glasses,O
3920,without,O
3921,the,O
3922,*********,O
3923,and,O
3924,she,O
3925,is,O
3926,seeing,O
3927,better.,O
3928,Ocular,O
3929,Meds:,O
3930,Latanoprost,O
3931,qpm,O
3932,OD,B-ROUTE
3933,Brimonidine,O
3934,BID,O
3935,OU,B-ROUTE
3936,Cosopt,O
3937,(PF),O
3938,BID,O
3939,OU,B-ROUTE
3940,Bromfenac,O
3941,QD,O
3942,OS,B-ROUTE
3943,Systane,O
3944,"TID,",O
3945,OU,B-ROUTE
3946,PLAN:,O
3947,Stop,O
3948,Latanoprost,O
3949,qpm,O
3950,OD,B-ROUTE
3951,Stop,O
3952,Bromfenac,O
3953,QD,O
3954,OS,B-ROUTE
3955,Cont:,O
3956,Brimonidine,O
3957,BID,O
3958,OU,B-ROUTE
3959,Cosopt,O
3960,(PF),O
3961,BID,O
3962,OU,B-ROUTE
3963,Systane,O
3964,OU,B-ROUTE
3965,TID,O
3966,(Preservative,O
3967,free),O
3968,Chief,O
3969,Complaint:,O
3970,Follow-up,O
3971,visit,O
3972,4,O
3973,months,O
3974,follow,O
3975,upas,O
3976,directed.,O
3977,Not,O
3978,using,O
3979,timolol,O
3980,Eye,O
3981,meds:,O
3982,Latanoprost,O
3983,qAM,O
3984,(better,O
3985,compliance),O
3986,OU,B-ROUTE
3987,-6:00:00,O
3988,am,O
3989,Chief,O
3990,Complaint:,O
3991,Follow-up,O
3992,visit,O
3993,4,O
3994,months,O
3995,+,O
3996,***,O
3997,+DFE,O
3998,Had,O
3999,shingles,O
4000,on,O
4001,her,O
4002,back,O
4003,(left,O
4004,side),O
4005,a,O
4006,few,O
4007,months,O
4008,ago.,O
4009,Resolved,O
4010,now.,O
4011,Seen,O
4012,with,O
4013,***,O
4014,interpreter.,O
4015,Patient,O
4016,states,O
4017,that,O
4018,she,O
4019,feels,O
4020,her,O
4021,vision,O
4022,has,O
4023,"decreased,",O
4024,mostly,O
4025,at,O
4026,distance.,O
4027,****,O
4028,vision,O
4029,is,O
4030,good.,O
4031,She,O
4032,says,O
4033,she,O
4034,planning,O
4035,to,O
4036,update,O
4037,her,O
4038,glasses,O
4039,soon.,O
4040,She,O
4041,says,O
4042,she,O
4043,does,O
4044,have,O
4045,occasional,O
4046,itchiness,O
4047,"OD,",O
4048,no,O
4049,pain.,O
4050,Eye,O
4051,meds:,O
4052,Cosopt,O
4053,(blue,O
4054,cap),O
4055,2x/day,O
4056,OU,B-ROUTE
4057,Latanoprost,O
4058,qhs,O
4059,OU,B-ROUTE
4060,*****,O
4061,***,O
4062,*********,O
4063,Progress,O
4064,Note,O
4065,*/**/****,O
4066,CC:,O
4067,Medical,O
4068,Eye,O
4069,Examination,O
4070,HPI:,O
4071,*****,O
4072,*,O
4073,******,O
4074,is,O
4075,a,O
4076,67,O
4077,y.o.,O
4078,male,O
4079,4,O
4080,month,O
4081,RTC,O
4082,IOP,O
4083,check/HVF,O
4084,review,O
4085,Vision,O
4086,stable.,O
4087,Compliant,O
4088,with,O
4089,drops,O
4090,Ocular,O
4091,meds:,O
4092,Timolol,O
4093,BID,O
4094,OU,B-ROUTE
4095,Latanoprost,O
4096,QHS,O
4097,OU,B-ROUTE
4098,Chief,O
4099,Complaint:,O
4100,Follow-up,O
4101,visit,O
4102,HPI,O
4103,(Edited,O
4104,by,O
4105,physician):6,O
4106,month,O
4107,f/u,O
4108,+,O
4109,DFE,O
4110,Vision,O
4111,is,O
4112,unchanged,O
4113,since,O
4114,last,O
4115,visit.,O
4116,Denies,O
4117,any,O
4118,eye,O
4119,pain/discomfort.,O
4120,Eye,O
4121,meds:,O
4122,Prednisolone,O
4123,qhs,O
4124,OS-,B-ROUTE
4125,10:00 PM,O
4126,Latanoprost,O
4127,QHS,O
4128,OD,B-ROUTE
4129,-,O
4130,10:00 PM,O
4131,Chief,O
4132,Complaint:,O
4133,Follow-up,O
4134,visit,O
4135,HPI:,O
4136,2,O
4137,month,O
4138,follow,O
4139,up,O
4140,+,O
4141,***,O
4142,Poor,O
4143,night,O
4144,driving,O
4145,and,O
4146,difficulty,O
4147,reading,O
4148,subtitles,O
4149,on,O
4150,TV.,O
4151,Continuing,O
4152,c/o,O
4153,dry,O
4154,eyes;,O
4155,uses,O
4156,few,O
4157,different,O
4158,kinds,O
4159,of,O
4160,OTC,O
4161,tears,O
4162,and,O
4163,Cequa.,O
4164,Denies,O
4165,eye,O
4166,pain.,O
4167,Eye,O
4168,meds:,O
4169,Cequa,O
4170,2x/day,O
4171,BOTH,B-ROUTE
4172,eyes-,I-ROUTE
4173,this,O
4174,AM,O
4175,Gel,O
4176,drops,O
4177,nightly,O
4178,BOTH,B-ROUTE
4179,eyes,I-ROUTE
4180,Lubricating,O
4181,gel,O
4182,qhs,O
4183,OU,B-ROUTE
4184,No,O
4185,occupation,O
4186,listed.,O
4187,Chief,O
4188,Complaint/HPI:,O
4189,*****,O
4190,*,O
4191,******,O
4192,**.,O
4193,is,O
4194,a,O
4195,78,O
4196,y.o.,O
4197,male,O
4198,here,O
4199,"today,",O
4200,has,O
4201,a,O
4202,cold.,O
4203,Patient,O
4204,states,O
4205,that,O
4206,he,O
4207,can,O
4208,occasionally,O
4209,feel,O
4210,the,O
4211,stitch,O
4212,superiorly.,O
4213,Denies,O
4214,any,O
4215,noticeable,O
4216,vision,O
4217,change.,O
4218,Denies,O
4219,any,O
4220,current,O
4221,pain,O
4222,or,O
4223,irritation.,O
4224,Sometimes,O
4225,he,O
4226,uses,O
4227,gel,O
4228,at,O
4229,night,O
4230,if,O
4231,his,O
4232,eye,O
4233,is,O
4234,irritating,O
4235,him.,O
4236,Eye,O
4237,meds:,O
4238,Lumigan,O
4239,qD,O
4240,OD,B-ROUTE
4241,-,O
4242,8:00 PM,O
4243,Gel,O
4244,at,O
4245,night,O
4246,OD,B-ROUTE
4247,Methotrexate,O
4248,20mg,O
4249,weekly,O
4250,Subjective,O
4251,*****,O
4252,***,O
4253,*********,O
4254,Progress,O
4255,Note,O
4256,*/**/****,O
4257,CC:,O
4258,Glaucoma,O
4259,Drusen,O
4260,HPI:,O
4261,*****,O
4262,******,O
4263,*****,O
4264,is,O
4265,a,O
4266,67,O
4267,y.o.,O
4268,female,O
4269,Patient,O
4270,returns,O
4271,for,O
4272,Glaucoma,O
4273,care-states,O
4274,no,O
4275,"problems,taking",O
4276,drops,O
4277,as,O
4278,directed.,O
4279,Would,O
4280,like,O
4281,maybe,O
4282,new,O
4283,Rx,O
4284,so,O
4285,she,O
4286,could,O
4287,get,O
4288,new,O
4289,******.,O
4290,Also,O
4291,still,O
4292,gets,O
4293,flashes,O
4294,at,O
4295,night-not,O
4296,sure,O
4297,of,O
4298,which,O
4299,eye.,O
4300,**,O
4301,meds,O
4302,Brimonidine,O
4303,BID,O
4304,"OS,",B-ROUTE
4305,Cosopt,O
4306,BID,O
4307,"**,",O
4308,*****,O
4309,2,O
4310,Chief,O
4311,Complaint:,O
4312,Follow-up,O
4313,visit,O
4314,HPI,O
4315,(Edited,O
4316,by,O
4317,physician):6,O
4318,month,O
4319,f/u,O
4320,**/***,O
4321,done,O
4322,*/**/**,O
4323,Vision,O
4324,is,O
4325,unchanged,O
4326,since,O
4327,last,O
4328,visit.,O
4329,C/o,O
4330,of,O
4331,OD,O
4332,a,O
4333,little,O
4334,sore,O
4335,started,O
4336,1,O
4337,hour,O
4338,ago.,O
4339,Eye,O
4340,meds:,O
4341,Timolol,O
4342,qam,O
4343,OD,B-ROUTE
4344,-,O
4345,7:00 AM,O
4346,Latanoprost,O
4347,qhs,O
4348,"OD,",B-ROUTE
4349,OS,B-ROUTE
4350,x2,O
4351,weekly,O
4352,-,O
4353,10:00 PM,O
4354,"OD,",B-ROUTE
4355,*-*,O
4356,ago,O
4357,OS,B-ROUTE
4358,3,O
4359,Dry,O
4360,eye,O
4361,with,O
4362,*******'s,O
4363,-,O
4364,restasis,O
4365,OU,B-ROUTE
4366,Chief,O
4367,Complaint:,O
4368,Follow-up,O
4369,visit,O
4370,HPI,O
4371,(Edited,O
4372,by,O
4373,physician):6,O
4374,month,O
4375,f/u,O
4376,+,O
4377,VF,O
4378,done,O
4379,*/**/****,O
4380,Feels,O
4381,like,O
4382,NVA,O
4383,is,O
4384,getting,O
4385,worse.,O
4386,DVA,O
4387,is,O
4388,okay.,O
4389,No,O
4390,eye,O
4391,pain/discomfort.,O
4392,Would,O
4393,like,O
4394,to,O
4395,have,O
4396,earlier,O
4397,follow,O
4398,ups.,O
4399,Eye,O
4400,meds:,O
4401,Refresh,O
4402,Plus,O
4403,OU,B-ROUTE
4404,prn,O
4405,Assessment,O
4406,&,O
4407,Plan,O
4408,Note:,O
4409,-,O
4410,Corneal,O
4411,edema,O
4412,improved,O
4413,on,O
4414,prednisolone,O
4415,BID,O
4416,but,O
4417,still,O
4418,present.,O
4419,No,O
4420,corneal,O
4421,striae,O
4422,from,O
4423,"hypotony,",O
4424,mostly,O
4425,stromal,O
4426,and,O
4427,microcystic,O
4428,edema,O
4429,-,O
4430,start,O
4431,****,O
4432,QID,O
4433,and,O
4434,ointment,O
4435,QHS,O
4436,-,O
4437,continue,O
4438,Pred,O
4439,BID,O
4440,-,O
4441,awaiting,O
4442,cornea,O
4443,appt.,O
4444,Chief,O
4445,Complaint:,O
4446,Follow-up,O
4447,visit,O
4448,HPI:,O
4449,2,O
4450,months,O
4451,Dr.,O
4452,*****,O
4453,*/****,O
4454,No,O
4455,eye,O
4456,pain.,O
4457,States,O
4458,that,O
4459,vision,O
4460,is,O
4461,not,O
4462,as,O
4463,good,O
4464,-,O
4465,says,O
4466,that,O
4467,cornea,O
4468,visit,O
4469,got,O
4470,pushed,O
4471,back.,O
4472,Patient,O
4473,says,O
4474,that,O
4475,he,O
4476,feels,O
4477,he,O
4478,is,O
4479,walking,O
4480,into,O
4481,things,O
4482,still.,O
4483,General,O
4484,health,O
4485,unchanged.,O
4486,Eye,O
4487,meds:,O
4488,Prednisolone,O
4489,twice,O
4490,daily,O
4491,left,B-ROUTE
4492,eye,I-ROUTE
4493,-,O
4494,8:00 AM,O
4495,Impression,O
4496,:,O
4497,Stable,O
4498,-,O
4499,although,O
4500,IOP,O
4501,OS,B-ROUTE
4502,higher,O
4503,than,O
4504,"ideal,",O
4505,under,O
4506,the,O
4507,circumstances,O
4508,is,O
4509,"acceptable,",O
4510,eye,O
4511,is,O
4512,now,O
4513,comfortable,O
4514,and,O
4515,"white,",O
4516,tolerating,O
4517,PF,O
4518,Dorzolamide,O
4519,BID,O
4520,OS,B-ROUTE
4521,Patient,O
4522,reports,O
4523,ST,O
4524,changes,O
4525,on,O
4526,most,O
4527,recent,O
4528,EKG,O
4529,(under,O
4530,stress,O
4531,only),O
4532,-,O
4533,currently,O
4534,having,O
4535,heart,O
4536,studies,O
4537,done,O
4538,by,O
4539,NP,O
4540,Cardiology,O
4541,in,O
4542,Vancouver,O
4543,clinic.,O
4544,She,O
4545,finds,O
4546,out,O
4547,results,O
4548,on,O
4549,Tuesday.,O
4550,Plan:,O
4551,Cont,O
4552,as,O
4553,is,O
4554,-,O
4555,PF,O
4556,Dorzolamide,O
4557,BID,O
4558,OS,B-ROUTE
4559,Get,O
4560,records,O
4561,release,O
4562,so,O
4563,we,O
4564,can,O
4565,send,O
4566,on,O
4567,charts,O
4568,Current,O
4569,Ocular,O
4570,Meds:,O
4571,Refresh/****,O
4572,**,O
4573,*-*,O
4574,x,O
4575,a,O
4576,day,O
4577,OU,B-ROUTE
4578,PF,O
4579,Dorzolamide,O
4580,BID,O
4581,OS,B-ROUTE
4582,-,O
4583,7:00 AM,O
4584,FOLLOW,O
4585,UP,O
4586,VISIT,O
4587,88,O
4588,y.o.,O
4589,female,O
4590,Transfer,O
4591,of,O
4592,Care,O
4593,from,O
4594,Dr.,O
4595,********,O
4596,Impression:,O
4597,IOP,O
4598,stable,O
4599,OU,O
4600,Now,O
4601,NLP,O
4602,OD,O
4603,Plan:,O
4604,Family,O
4605,talking,O
4606,about,O
4607,moving,O
4608,"patient,",O
4609,discussed,O
4610,ways,O
4611,to,O
4612,assist,O
4613,vision,O
4614,-,O
4615,help,O
4616,with,O
4617,"contrast,",O
4618,yellow,O
4619,"background,",O
4620,placing,O
4621,her,O
4622,things,O
4623,in,O
4624,the,O
4625,same,O
4626,place,O
4627,consistently,O
4628,since,O
4629,has,O
4630,small,O
4631,central,O
4632,field,O
4633,of,O
4634,vision,O
4635,should,O
4636,help,O
4637,Referral,O
4638,back,O
4639,to,O
4640,low,O
4641,vision,O
4642,-,O
4643,daughter,O
4644,interested,O
4645,in,O
4646,doing,O
4647,this,O
4648,after,O
4649,patient,O
4650,is,O
4651,"moved,",O
4652,so,O
4653,they,O
4654,will,O
4655,know,O
4656,what,O
4657,issues,O
4658,with,O
4659,lighting,O
4660,she,O
4661,has,O
4662,there,O
4663,instead,O
4664,of,O
4665,current,O
4666,living,O
4667,situation.,O
4668,Review:,O
4669,6,O
4670,month,O
4671,follow,O
4672,up,O
4673,Chief,O
4674,Complaint:,O
4675,Follow-up,O
4676,visit,O
4677,HPI,O
4678,(Edited,O
4679,by,O
4680,physician):****,O
4681,Trab,O
4682,w/MMC,O
4683,OD,O
4684,*/**-*/**,O
4685,No,O
4686,eye,O
4687,pain.,O
4688,No,O
4689,noticeable,O
4690,vision,O
4691,change.,O
4692,Good,O
4693,drop,O
4694,compliance.,O
4695,Eye,O
4696,meds:,O
4697,Dorzolamide,O
4698,2x/day,O
4699,OS,B-ROUTE
4700,-,O
4701,7:30 AM,O
4702,Brimondine,O
4703,2x/day,O
4704,OS,B-ROUTE
4705,-,O
4706,7:40 AM,O
4707,Latanoprost,O
4708,nightly,O
4709,OS,B-ROUTE
4710,-,O
4711,10:30p,O
4712,last,O
4713,night,O
4714,Prednisolone,O
4715,once,O
4716,daily,O
4717,OD,B-ROUTE
4718,-,O
4719,8:30a,O
4720,AT,O
4721,QID,O
4722,OU,B-ROUTE
4723,and,O
4724,AT,O
4725,ung,O
4726,QHS,O
4727,OU,B-ROUTE
4728,Acyclovir,O
4729,800mg,O
4730,5x,O
4731,daily,O
4732,-,O
4733,taken,O
4734,today,O
4735,Chief,O
4736,Complaint:,O
4737,Follow-up,O
4738,visit,O
4739,HPI,O
4740,(Edited,O
4741,by,O
4742,physician):4,O
4743,month,O
4744,f/u,O
4745,Vision,O
4746,is,O
4747,unchanged,O
4748,since,O
4749,last,O
4750,visit.,O
4751,Denies,O
4752,any,O
4753,eye,O
4754,pain/discomfort.,O
4755,Eye,O
4756,Meds:,O
4757,Wife,O
4758,Instills,O
4759,Azopt,O
4760,bid,O
4761,OD,B-ROUTE
4762,-,O
4763,missed,O
4764,this,O
4765,"am,",O
4766,**,O
4767,11:30 PM,O
4768,Timolol,O
4769,daily,O
4770,OU,B-ROUTE
4771,-,O
4772,7:30 AM,O
4773,Vyzulta,O
4774,qhs,O
4775,OU,B-ROUTE
4776,-,O
4777,10:00 PM,O
4778,PF,O
4779,Systane,O
4780,ATs,O
4781,2-3x,O
4782,OU,B-ROUTE
4783,HPI:,O
4784,*******,O
4785,****,O
4786,*********,O
4787,"(********),",O
4788,71,O
4789,y.o.,O
4790,year,O
4791,old,O
4792,female,O
4793,from,O
4794,*******,O
4795,****,O
4796,:,O
4797,Patient,O
4798,presents,O
4799,with:,O
4800,Medical,O
4801,Eye,O
4802,Examination,O
4803,Follow-up,O
4804,visit,O
4805,No,O
4806,changes,O
4807,to,O
4808,vision,O
4809,since,O
4810,last,O
4811,visit.,O
4812,Using,O
4813,drops,O
4814,as,O
4815,directed,O
4816,but,O
4817,forgets,O
4818,sometimes.,O
4819,Plan:,O
4820,Continue,O
4821,cosopt,O
4822,BID,O
4823,OU,B-ROUTE